Suburb;Fire_Station
AAN DE WIJNLANDEN ESTATE;MFULENI
ACACIA PARK;BROOKLYN
ADMIRALS PARK;STRAND
ADRIAANSE;EPPING
AIRPORT;LANSDOWNE ROAD
AIRPORT CITY;GUGULETU
AMANDA GLEN;DURBANVILLE
AMANDELRUG;KUILSRIVER
AMANDELSIG;KUILSRIVER
ANCHORAGE PARK;STRAND
ANNANDALE;KUILSRIVER
ANNANDALE FARM;MILNERTON
ANTILLES/CAYMAN BEACH;STRAND
ARAUNA;BRACKENFELL
ASANDA;STRAND
ASLA PARK;STRAND
ATHLONE;WYNBERG
ATLANTIS INDUSTRIAL;ATLANTIS
ATLAS GARDENS BUSINESS PARK;MILNERTON
AUDAS ESTATE;SOMERSET WEST
AURORA;DURBANVILLE
AUSTINVILLE;MFULENI
AVALON ESTATE;KRAAIFONTEIN
AVON;EPPING
AVONDALE - PAROW;GOODWOOD
AVONDALE - WESFLEUR;ATLANTIS
AVONWOOD;EPPING
BALVENIE;EPPING
BANTRY BAY;SEA POINT
BARNET MOLOKWANA CORNER;LANSDOWNE ROAD
BARONETCY ESTATE;GOODWOOD
BEACON HILL;ATLANTIS
BEACON VALLEY;MITCHELLS PLAIN
BEACONVALE;GOODWOOD
BEL'AIRE;SOMERSET WEST
BELGRAVIA;WYNBERG
BELGRAVIA -BELLVILLE;BELLVILLE
BELHAR EXT 1;BELHAR
BELHAR EXT 10;BELHAR
BELHAR EXT 11;BELHAR
BELHAR EXT 12;BELHAR
BELHAR EXT 13;BELHAR
BELHAR EXT 14;BELHAR
BELHAR EXT 15;BELHAR
BELHAR EXT 16;BELHAR
BELHAR EXT 17;BELHAR
BELHAR EXT 18;BELHAR
BELHAR EXT 19;BELHAR
BELHAR EXT 2;BELHAR
BELHAR EXT 20;BELHAR
BELHAR EXT 21;BELHAR
BELHAR EXT 22;BELHAR
BELHAR EXT 23;BELHAR
BELHAR EXT 3;BELHAR
BELHAR EXT 4;BELHAR
BELHAR EXT 5;BELHAR
BELHAR EXT 6;BELHAR
BELHAR EXT 7;BELHAR
BELHAR EXT 8;BELHAR
BELHAR EXT 9;BELHAR
BELL GLEN;MACASSAR
BELLAIR;BELLVILLE
BELLVILLE CBD;BELLVILLE
BELLVILLE LANDFILL;BELHAR
BELLVILLE SOUTH;BELLVILLE
BELLVILLE SOUTH INDUSTRIA;BELLVILLE
BELLVILLE TEACHERS COLLEGE;KUILSRIVER
BELMONT PARK;KRAAIFONTEIN
BELRAIL;BELLVILLE
BELTHORN ESTATE;OTTERY
BELVEDERE TYGERBERG;GOODWOOD
BENE TOWNSHIP;SOMERSET WEST
BENNO PARK;KUILSRIVER
BERBAGO;SOMERSET WEST
BERGVLIET;CONSTANTIA
BETHANIE;DURBANVILLE
BIG BAY;MELKBOSSTRAND
BISHOP LAVIS;EPPING
BISHOPSCOURT;CONSTANTIA
BIZWENI;SOMERSET WEST
BLAAUWBERGSTRAND;MELKBOSSTRAND
BLACKHEATH INDUSTRIA;KUILSRIVER
BLOEKOMBOS;KRAAIFONTEIN
BLOEMHOF;BELLVILLE
BLOMMENDAL;BELLVILLE
BLOMTUIN;BELLVILLE
BLOMVLEI;BELLVILLE
BLOUBERG RISE;MILNERTON
BLOUBERG SANDS;MILNERTON
BLOUBERGRANT;MILNERTON
BLUE DOWNS CBD;MFULENI
BO OAKDALE;BELLVILLE
BO-KAAP;ROELAND STREET
BONGANI;LANSDOWNE ROAD
BONNIE BRAE;KRAAIFONTEIN
BONNIE BROOK;KRAAIFONTEIN
BONTEHEUWEL;EPPING
BOQUINAR INDUSTRIAL AREA;GUGULETU
BOSBELL;BELLVILLE
BOSKLOOF;SIR LOWRYS PASS
BOSONIA;KUILSRIVER
BOSTON;BELLVILLE
BOTFONTEIN SMALLHOLDINGS;BRACKENFELL
BOTHASIG;MILNERTON
BOTTELARY SMALLHOLDINGS 1;BRACKENFELL
BOTTELARY SMALLHOLDINGS 2;BRACKENFELL
BRACKEN HEIGHTS;BRACKENFELL
BRACKENFELL CENTRAL;BRACKENFELL
BRACKENFELL COMMON;BELLVILLE
BRACKENFELL INDUSTRIA;BRACKENFELL
BRACKENFELL SOUTH;BRACKENFELL
BRAEVIEW;SOMERSET WEST
BRANDWACHT;MACASSAR
BRANDWAG;KUILSRIVER
BRANTWOOD;KUILSRIVER
BRENTWOOD PARK - BLUE DOWNS;MFULENI
BRENTWOOD PARK - DURBANVILLE;DURBANVILLE
BRIDGEBANK;SOMERSET WEST
BRIDGETOWN;EPPING
BRIDGEWATER;SOMERSET WEST
BRIZA;SOMERSET WEST
BROADLANDS;SIR LOWRYS PASS
BROADLANDS PARK;STRAND
BROADLANDS VILLAGE;STRAND
BROOKLYN;BROOKLYN
BUH-REIN ESTATE;KRAAIFONTEIN
BURGUNDY;BRACKENFELL
BURGUNDY ESTATE;MILNERTON
CAMELOT;KUILSRIVER
CAMPS BAY / BAKOVEN;SEA POINT
CAPE FARMS - DISTRICT B;MELKBOSSTRAND
CAPE FARMS - DISTRICT C;DURBANVILLE
CAPE FARMS - DISTRICT H;LAKESIDE
CAPE GATE;KRAAIFONTEIN
CAPE TOWN AIRPORT;BELHAR
CAPE TOWN CITY CENTRE;ROELAND STREET
CAREY PARK;SOMERSET WEST
CARWICK;SOMERSET WEST
CASTLE ROCK;SIMONSTOWN
CENTURY CITY;MILNERTON
CHANTECLER;DURBANVILLE
CHARLESVILLE;EPPING
CHRIS HANI PARK;MACASSAR
CHRIS NISSEN PARK;SIR LOWRYS PASS
CHRISMAR;BELLVILLE
CHURCHILL ESTATE;GOODWOOD
CLAMHALL;GOODWOOD
CLARA ANNA FONTEIN;DURBANVILLE
CLAREMONT;WYNBERG
CLARKES ESTATE;EPPING
CLIFTON;SEA POINT
CLOVELLY;FISH HOEK
COLORADO PARK;MITCHELLS PLAIN
CONNAUGHT;EPPING
CONSTANTIA;CONSTANTIA
CPUT;BELHAR
CRAVENBY;GOODWOOD
CRAWFORD;WYNBERG
CROSSROADS;GUGULETU
CROYDON;MACASSAR
CROYDON OLIVE ESTATE;MACASSAR
CROYDON VINEYARD ESTATE;MACASSAR
D'URBANVALE;DURBANVILLE
DANARAND;KUILSRIVER
DE BRON;DURBANVILLE
DE DUIN;GOODWOOD
DE GRENDEL FARM;MILNERTON
DE KUILEN;KUILSRIVER
DE LA HAYE;BELLVILLE
DE OUDE SPRUIT;BRACKENFELL
DE TIJGER;GOODWOOD
DE VELDE;SOMERSET WEST
DE WIJNLANDEN ESTATE;MFULENI
DEACONVILLE;MACASSAR
DEEPFREEZE;MACASSAR
DELFT 1 & 2;BELHAR
DELFT 3;BELHAR
DELFT 4;BELHAR
DELFT 5;BELHAR
DELFT 6;BELHAR
DELFT 7;BELHAR
DELFT 8;BELHAR
DELFT 9;BELHAR
DELFT SOUTH;LANSDOWNE ROAD
DELRO VILLAGE;MFULENI
DENNEGEUR;SIR LOWRYS PASS
DENNEMERE;MFULENI
DES HAMPDEN;KUILSRIVER
DIE WINGERD;SOMERSET WEST
DIEP RIVER;CONSTANTIA
DISTRICT SIX;ROELAND STREET
DOBSON;STRAND
DOOR DE KRAAL;DURBANVILLE
DOOR DE KRAAL FARM;DURBANVILLE
DORHILL;SOMERSET WEST
DREAMWORLD;KHAYELITSHA
DRIFTSANDS;LANSDOWNE ROAD
DUNOON;MILNERTON
DUNROBIN;BELLVILLE
DURBANVILLE;DURBANVILLE
DURBANVILLE HILLS;DURBANVILLE
DURBANVILLE MEADOWS;DURBANVILLE
DURBELL;DURBANVILLE
DURMONTE;DURBANVILLE
EAGLE PARK;OTTERY
EASTRIDGE;MITCHELLS PLAIN
EDENPARK;BRACKENFELL
EDGEMEAD;GOODWOOD
EENSGEVONDEN;KUILSRIVER
EERSTERIVIER;MFULENI
EERSTERIVIER INDUSTRIA;MFULENI
EERSTERIVIER SOUTH;MFULENI
EIKENBOSCH KUILS RIVER;KUILSRIVER
EIKENDAL;KRAAIFONTEIN
EINDHOVEN;BELHAR
EKUPHUMLENI;KHAYELITSHA
ELECTRIC CITY;MFULENI
ELFINDALE;CONSTANTIA
ELIM;KUILSRIVER
ELNOR;EPPING
ELSIES RIVER;EPPING
ELSIES RIVER INDUSTRIA;GOODWOOD
ENDLOVINI;KHAYELITSHA
ENKANINI;KHAYELITSHA
EPPING FOREST;EPPING
EPPING INDUSTRIA 1;EPPING
EPPING INDUSTRIA 2;EPPING
ERINVALE ESTATE;SIR LOWRYS PASS
EUREKA ESTATE;BELHAR
EVERGLEN;DURBANVILLE
EVERITE INDUSTRIA;BRACKENFELL
EVERSDAL;DURBANVILLE
EVERSDAL HEIGHTS;DURBANVILLE
EYETHU;KHAYELITSHA
FAIRDALE;MFULENI
FAIRFIELD ESTATE;GOODWOOD
FAIRVIEW GOLF ESTATE;STRAND
FALSE BAY COASTAL PARK;LAKESIDE
FAURE;MACASSAR
FERNDALE;BRACKENFELL
FERNWOOD;SIR LOWRYS PASS
FIRGROVE;MACASSAR
FIRGROVE RURAL;MACASSAR
FIRLANDS;SIR LOWRYS PASS
FISANTEKRAAL;KRAAIFONTEIN
FISANTEKRAAL INDUSTRIAL;KRAAIFONTEIN
FISH HOEK;FISH HOEK
FLAMINGO VLEI;MILNERTON
FLORIDA;GOODWOOD
FORESHORE;ROELAND STREET
FOREST HEIGHTS;MFULENI
FOREST VILLAGE;MFULENI
FOUNTAIN VILLAGE;MFULENI
FRAAIGELEGEN;SOMERSET WEST
FRESNAYE;SEA POINT
GANTS PARK;SOMERSET WEST
GARDEN VILLAGE;SOMERSET WEST
GARDENS;ROELAND STREET
GATESVILLE;GUGULETU
GAYLEE;MFULENI
GEORGE PARK;STRAND
GERSHAM;KUILSRIVER
GLENCAIRN;SIMONSTOWN
GLENHAVEN;BELLVILLE
GLENLILY;GOODWOOD
GLENWOOD;GOODWOOD
GOEDE HOOP;SOMERSET WEST
GOEDEHOOP;SOMERSET WEST
GOEDEMOED;DURBANVILLE
GOLDEN ACRE;SOMERSET WEST
GOLDEN HILL EXT 1;SOMERSET WEST
GOLIATH ESTATE;KRAAIFONTEIN
GOOD HOPE;KHAYELITSHA
GOODRAIL;GOODWOOD
GOODWOOD  EXT 1;GOODWOOD
GOODWOOD ESTATE;GOODWOOD
GORDON HEIGHTS;STRAND
GORDONS BAY;STRAND
GORDONS BAY EXT 12;STRAND
GORDONS BAY VILLAGE;STRAND
GORDONS STRAND ESTATE;STRAND
GRAANENDAL;DURBANVILLE
GRACELAND;KHAYELITSHA
GRASSY PARK;OTTERY
GREEN POINT;SEA POINT
GREENFIELDS;MFULENI
GREENLANDS;BELLVILLE
GREENVILLE GARDEN CITY;KRAAIFONTEIN
GREENWAYS;STRAND
GROENVALLEI;BELLVILLE
GUGULETU;GUGULETU
HAASENDAL;KUILSRIVER
HAGLEY;KUILSRIVER
HANOVER PARK;OTTERY
HAPPY VALLEY;MFULENI
HARARE;KHAYELITSHA
HARBOUR ISLAND;STRAND
HARDEKRAALTJIE;BELLVILLE
HARMONY VILLAGE;MITCHELLS PLAIN
HATTON;GUGULETU
HAZENDAL;EPPING
HEARTLAND BEACH ROAD PRECINCT;SOMERSET WEST
HEARTLAND HISTORIC PRECINCT;SOMERSET WEST
HEATHFIELD;CONSTANTIA
HEEMSTEDE;BELLVILLE
HEIDEVELD;GUGULETU
HELDERBERG ESTATE;SOMERSET WEST
HELDERBERG INDUSTRIAL PARK;SIR LOWRYS PASS
HELDERBERG PARK;STRAND
HELDERBERG RURAL;SIR LOWRYS PASS
HELDERBERG VILLAGE;MACASSAR
HELDERRANT;SOMERSET WEST
HELDERVUE;SOMERSET WEST
HELDERZICHT;SOMERSET WEST
HELENA HEIGHTS;SOMERSET WEST
HERITAGE PARK;SIR LOWRYS PASS
HIGH RIDING;SIR LOWRYS PASS
HIGHBURY;KUILSRIVER
HIGHBURY PARK;KUILSRIVER
HIGHGATE;MFULENI
HIGHLANDS VILLAGE;MITCHELLS PLAIN
HIGHVELD;SOMERSET WEST
HILLCREST HEIGHTS;MFULENI
HINDLE PARK;MFULENI
HOHEIZEN;BELLVILLE
HOOGSTEDE;BRACKENFELL
HOUT BAY;HOUT BAY
HUMANSHOF;SOMERSET WEST
HUNTERS CREEK;KUILSRIVER
HYDE PARK;MITCHELLS PLAIN
ILITHA PARK;KHAYELITSHA
ILLAIRE;SOMERSET WEST
JACARANDAS;KUILSRIVER
JACOBSDAL SMALLHOLDINGS;MFULENI
JACQUES HILL;SOMERSET WEST
JAGTERSHOF;KUILSRIVER
JAN KRIEL;KUILSRIVER
JOE SLOVO PARK;MILNERTON
JONKERS HOOGTE;SOMERSET WEST
JOOSTENBERGVLAKTE SMALLHOLDINGS;KRAAIFONTEIN
JOUBERTPARK;BELLVILLE
KAAPSIG;BRACKENFELL
KAAPZICHT;GOODWOOD
KALAMUNDA;SOMERSET WEST
KALK BAY;FISH HOEK
KALKFONTEIN;KUILSRIVER
KALKSTEENFONTEIN;EPPING
KANONBERG;GOODWOOD
KELDERHOF;MACASSAR
KEMPENVILLE;BELLVILLE
KENILWORTH;WYNBERG
KENRIDGE;DURBANVILLE
KENSINGTON;BROOKLYN
KEWTOWN;EPPING
KHAYA;KHAYELITSHA
KHAYELITSHA;KHAYELITSHA
KILLARNEY GARDENS;MILNERTON
KING DAVID COUNTRY CLUB;GUGULETU
KINGSTON;BELLVILLE
KIRSTENHOF;LAKESIDE
KLEIN ZEVENWACHT;KUILSRIVER
KLEINBEGIN;KRAAIFONTEIN
KLEINBOSCH;GOODWOOD
KLEINBRON;KRAAIFONTEIN
KLEINVLEI TOWN;MFULENI
KLIPDAM;KUILSRIVER
KLIPHEUWEL HOUSING SCHEME;DURBANVILLE
KLIPKOP;BELLVILLE
KLOOFZICHT;KUILSRIVER
KOMMETJIE;KOMMETJIE ROAD
KRAAIFONTEIN;KRAAIFONTEIN
KRAAIFONTEIN EAST;KRAAIFONTEIN
KRAAIFONTEIN INDUSTRIA;KRAAIFONTEIN
KUILS RIVER COMMON;KUILSRIVER
KUILS RIVER SPORTS GROUNDS;KUILSRIVER
KUILSRIVIER GOLF COURSE;BRACKENFELL
KUILSRIVIER INDUSTRIA;KUILSRIVER
KUILSRIVIER SOUTH SMALLHOLDINGS;KUILSRIVER
KUYASA;KHAYELITSHA
LA CONCORDE;SOMERSET WEST
LA MONTAGNE;MACASSAR
LA ROCHELLE;BELLVILLE
LA SANDRA;SOMERSET WEST
LABIANCE;BELLVILLE
LAGOON BEACH;BROOKLYN
LAKESIDE;LAKESIDE
LAND EN ZEEZICHT;SOMERSET WEST
LANGA;EPPING
LANGEBERG HOOGTE;KRAAIFONTEIN
LANGEBERG RIDGE;KRAAIFONTEIN
LANGEBERG VILLAGE;DURBANVILLE
LANSDOWNE;WYNBERG
LAVENDER HILL;LAKESIDE
LEIDEN;BELHAR
LENTEGEUR;MITCHELLS PLAIN
LEONSDALE;EPPING
LETRU;KUILSRIVER
LILLYDALE;KUILSRIVER
LLANDUDNO;HOUT BAY
LOEVENSTEIN;BELLVILLE
LONGDOWN ESTATE;SOMERSET WEST
LOTUS RIVER;OTTERY
LOUCHARMANTE;KUILSRIVER
LOUMAR;BELLVILLE
LOURENSIA PARK;SOMERSET WEST
LWANDLE;STRAND
LYNN'S VIEW;SOMERSET WEST
MABILLE PARK;KUILSRIVER
MACASSAR;MACASSAR
MACASSAR BEACH;MACASSAR
MACASSAR VILLAGE;MACASSAR
MAITLAND;BROOKLYN
MAITLAND GARDEN VILLAGE;BROOKLYN
MALIBU VILLAGE;MFULENI
MALL INTERCHANGE;SOMERSET WEST
MALL MOTOR CITY;SOMERSET WEST
MALL TRIANGLE;SOMERSET WEST
MALMESBURY FARMS;ATLANTIS
MAMRE;ATLANTIS
MANDALAY;LANSDOWNE ROAD
MANDELA PARK;KHAYELITSHA
MANENBERG;GUGULETU
MANSFIELD INDUSTRIA;SIR LOWRYS PASS
MARCONI BEAM;MILNERTON
MARINDA PARK;KUILSRIVER
MARTINVILLE;SOMERSET WEST
MARVINPARK;MACASSAR
MATROOSFONTEIN;EPPING
MEADOWRIDGE;CONSTANTIA
MELKBOSCH STRAND;MELKBOSSTRAND
METRO;BROOKLYN
MEYERHOF;BELLVILLE
MFULENI;MFULENI
MIKPUNT;KRAAIFONTEIN
MIKRO PARK;KUILSRIVER
MILNERTON;MILNERTON
MILNERTON RIDGE;MILNERTON
MISSION GROUNDS;SIR LOWRYS PASS
MISTY CLIFFS;SIMONSTOWN
MITCHELLS PLAIN CBD;MITCHELLS PLAIN
MODDERDAM;BELHAR
MONTAGUE;GOODWOOD
MONTAGUE GARDENS;MILNERTON
MONTANA;EPPING
MONTANA EXTENSION;EPPING
MONTCHERE;SOMERSET WEST
MONTCLAIR;LANSDOWNE ROAD
MONTE SERENO;SOMERSET WEST
MONTE VISTA;GOODWOOD
MONTEVIDEO;GUGULETU
MONWABISI;KHAYELITSHA
MORGAN INDUSTRIA;BRACKENFELL
MORGANS VILLAGE;MITCHELLS PLAIN
MORGENSTER;BRACKENFELL
MORGENSTER HEIGHTS;BRACKENFELL
MORNINGSIDE;SIR LOWRYS PASS
MORNINGSTAR;DURBANVILLE
MOUILLE POINT;SEA POINT
MOUNTAINSIDE;STRAND
MOUNTAINSIDE ESTATE;STRAND
MOUNTAINSIDE EXT 2;STRAND
MOUNTVIEW;OTTERY
MOWBRAY;SALT RIVER
MUIZENBERG;LAKESIDE
MXOLISI PHETANI;LANSDOWNE ROAD
N1-STAD;GOODWOOD
NATURE'S VALLEY;SOMERSET WEST
NATURES VALLEY;DURBANVILLE
NERINA;DURBANVILLE
NEW MACASSAR;MACASSAR
NEW SCHEME;MACASSAR
NEW WOODLANDS;MITCHELLS PLAIN
NEWFIELDS;GUGULETU
NEWLANDS;WYNBERG
NIEUW MAASTRECHT-1;GOODWOOD
NIEUW MAASTRECHT-2;DURBANVILLE
NOMZAMO;STRAND
NONQUBELA;LANSDOWNE ROAD
NOOITGEDACHT;BELHAR
NOORDHOEK;KOMMETJIE ROAD
NORMANDIE ESTATE;BRACKENFELL
NORTHGATE;GOODWOOD
NORTHPINE;BRACKENFELL
NUTWOOD;SOMERSET WEST
NYANGA;GUGULETU
O'KENNEDYVILLE;BELLVILLE
OAKDALE;BELLVILLE
OAKDENE;KUILSRIVER
OAKGLEN;BELLVILLE
OBSERVATORY;SALT RIVER
OCEAN VIEW;KOMMETJIE ROAD
OKAVANGO PARK;BRACKENFELL
OLIVE GROVE;SIR LOWRYS PASS
ONVERWACHT - GORDON'S BAY;STRAND
ONVERWACHT - THE STRAND;STRAND
ONVERWACHT VILLAGE;SIR LOWRYS PASS
OOSTERZEE-BELLVILLE;BELLVILLE
ORANJEZICHT;ROELAND STREET
OTTERY;OTTERY
OUDE WESTHOF;DURBANVILLE
OUDEKRAAL;HOUT BAY
PAARDE VLEI;SOMERSET WEST
PAARDEN EILAND;BROOKLYN
PAARL FARMS;KRAAIFONTEIN
PANORAMA;GOODWOOD
PAREL VALLEI;SOMERSET WEST
PARELVALLEI KLEINHOEWES;SOMERSET WEST
PARKLANDS;MILNERTON
PARKWOOD;OTTERY
PAROW;GOODWOOD
PAROW EAST;BELLVILLE
PAROW GOLF COURSE;GOODWOOD
PAROW INDUSTRIA;BELLVILLE
PAROW NORTH;GOODWOOD
PAROW VALLEY;GOODWOOD
PEACOCK CLOSE;OTTERY
PEARL MARINA;SOMERSET WEST
PEARL RISE;SOMERSET WEST
PEERLESS PARK EAST;KRAAIFONTEIN
PEERLESS PARK NORTH;KRAAIFONTEIN
PEERLESS PARK WEST;KRAAIFONTEIN
PELIKAN HEIGHTS;MITCHELLS PLAIN
PELIKAN PARK;OTTERY
PELLA;ATLANTIS
PENHILL;MFULENI
PENLYN ESTATE;OTTERY
PETROSA TANK FARM;MILNERTON
PHILADELPHIA;ATLANTIS
PHILIPPI;OTTERY
PHILIPPI PARK;GUGULETU
PHOENIX;MILNERTON
PINATI ESTATE;OTTERY
PINEHURST;KRAAIFONTEIN
PINELANDS;EPPING
PLATTEKLOOF 1;GOODWOOD
PLATTEKLOOF 2;GOODWOOD
PLATTEKLOOF 3;GOODWOOD
PLATTEKLOOF GLEN;GOODWOOD
PLUMSTEAD;WYNBERG
PORTLAND;MITCHELLS PLAIN
PROTEA HEIGHTS;BRACKENFELL
PROTEA PARK - GORDON'S BAY;STRAND
PROTEA PARK - WESFLEUR;ATLANTIS
PROTEA VALLEY;DURBANVILLE
PROTEA VILLAGE;BRACKENFELL
PROTEAVILLE;DURBANVILLE
RACING PARK;MILNERTON
RAVENSMEAD;BELLVILLE
RETREAT;LAKESIDE
RICHMOND;GOODWOOD
RICHMOND ESTATE;GOODWOOD
RICHMOND PARK;MILNERTON
RICHWOOD;MILNERTON
RIDGEWORTH;BELLVILLE
RIVERGATE;MILNERTON
RIVERSIDE;MACASSAR
RIVERTON ELSIES RIVER;GOODWOOD
ROBBEN ISLAND;MELKBOSSTRAND
ROBINVALE;ATLANTIS
ROCKLANDS;MITCHELLS PLAIN
ROME GLEN;SIR LOWRYS PASS
RONDEBOSCH;SALT RIVER
RONDEBOSCH EAST;WYNBERG
RONDEVLEI PARK;MITCHELLS PLAIN
ROOSENDAL;BELHAR
ROSEBANK;SALT RIVER
ROSEDALE - DURBANVILLE;DURBANVILLE
ROSEDALE - KLEIN VLEI;MFULENI
ROSENDAL;DURBANVILLE
ROSENPARK;DURBANVILLE
ROTTERDAM;BELHAR
ROUNDHAY;SOMERSET WEST
ROUXVILLE;KUILSRIVER
ROYAL ASCOT;MILNERTON
RUGBY;BROOKLYN
RUITERSHOOGTE;DURBANVILLE
RUSTDAL;KUILSRIVER
RUWARI;BRACKENFELL
RUYTERWACHT;EPPING
RYLANDS;OTTERY
SABATA DALINDYEBO SQUARE;KHAYELITSHA
SACK'S CIRCLE INDUSTRIA;BELLVILLE
SALT RIVER;SALT RIVER
SAND INDUSTRIA;GUGULETU
SANDDRIFT;MILNERTON
SANDOWN;MILNERTON
SANDVLEI;MACASSAR
SANLAMHOF;BELLVILLE
SAREPTA;KUILSRIVER
SAXENBURG PARK 1;KUILSRIVER
SAXENBURG PARK 2;KUILSRIVER
SAXON INDUSTRIAL;BELLVILLE
SAXONSEA;ATLANTIS
SAXONWOOD;ATLANTIS
SCARBOROUGH;SIMONSTOWN
SCHONENBERG;SOMERSET WEST
SCHOONGEZICHT;DURBANVILLE
SCOTTSDENE;BRACKENFELL
SCOTTSVILLE;KRAAIFONTEIN
SEA BREEZE PARK;STRAND
SEA POINT;SEA POINT
SEAWINDS;LAKESIDE
SELBORNE;BELLVILLE
SERCOR PARK;STRAND
SHERWOOD;ATLANTIS
SHIRLEY PARK;BELLVILLE
SIGNAL HILL / LIONS HEAD;SEA POINT
SILVEROAKS;KUILSRIVER
SILVERSANDS;MFULENI
SILVERTAS;SOMERSET WEST
SILVERTOWN;EPPING
SILVERTOWN - KHAYELITSHA;KHAYELITSHA
SILWERBOOMKLOOF;SOMERSET WEST
SIMON'S TOWN;SIMONSTOWN
SIR LOWRY'S PASS;SIR LOWRYS PASS
SIR LOWRY'S PASS VILLAGE CENTRE;SIR LOWRYS PASS
SIRROCCO'S;BELLVILLE
SITARI COUNTRY ESTATE;MACASSAR
SMARTIE TOWN;MACASSAR
SMITSWINKELBAAI;SIMONSTOWN
SOMERSET FOREST;SIR LOWRYS PASS
SOMERSET RIDGE;SOMERSET WEST
SOMERSET WEST;SOMERSET WEST
SOMERSET WEST BUSINESS PARK;STRAND
SOMERSET WEST COUNTRY CLUB;SOMERSET WEST
SOMERSET WEST NATURE RESERVE;SOMERSET WEST
SONEIKE I;KUILSRIVER
SONEIKE II;KUILSRIVER
SONKRING;BRACKENFELL
SONNEKUIL;KUILSRIVER
SONNENDAL;GOODWOOD
SONSTRAAL;DURBANVILLE
SONSTRAAL HEIGHTS;DURBANVILLE
SOUTHFIELD;WYNBERG
SOUTHFORK;STRAND
SPANISH FARM;SOMERSET WEST
SPRINGBOKPARK;BRACKENFELL
SPRINGFIELD;DURBANVILLE
ST DUMAS;KUILSRIVER
ST JAMES;FISH HOEK
ST MICHAELS;BRACKENFELL
STEENBERG;LAKESIDE
STEENBRAS VIEW;SOMERSET WEST
STELLENBERG;DURBANVILLE
STELLENBOSCH FARMS;SIR LOWRYS PASS
STELLENBOSCH FARMS (BLUE DOWNS);KUILSRIVER
STELLENBOSCH FARMS (KUILSRIVIER);KUILSRIVER
STELLENBOSCH UNIV;BELLVILLE
STELLENDALE;KUILSRIVER
STELLENRIDGE;BELLVILLE
STELLENRYK;DURBANVILLE
STIKLAND;BELLVILLE
STIKLAND HOSPITAAL;BELLVILLE
STIKLAND INDUSTRIA;BELLVILLE
STRAND;STRAND
STRAND GOLF CLUB;SOMERSET WEST
STRAND INDUSTRIA;SOMERSET WEST
STRANDFONTEIN;MITCHELLS PLAIN
STRANDVALE;SOMERSET WEST
STUART'S HILL;SOMERSET WEST
SUMMER GREENS;MILNERTON
SUMMERVILLE;KRAAIFONTEIN
SUN CITY;SIR LOWRYS PASS
SUN VALLEY;KOMMETJIE ROAD
SUNBIRD PARK;KUILSRIVER
SUNNINGDALE;MILNERTON
SUNNYDALE;KOMMETJIE ROAD
SUNRIDGE;MILNERTON
SUNSET BEACH;MILNERTON
SURREY ESTATE;GUGULETU
SYBRAND PARK;SALT RIVER
TABLE MOUNTAIN;SALT RIVER
TABLE VIEW;MILNERTON
TAFELSIG;KHAYELITSHA
TAMBOERSKLOOF;SEA POINT
TEMPERANCE TOWN;SIR LOWRYS PASS
THE CONIFERS;MFULENI
THE CREST;DURBANVILLE
THE HAGUE;BELHAR
THE LINK;SOMERSET WEST
THE RANGE;EPPING
THE STABLES;MILNERTON
THEMBOKWEZI;LANSDOWNE ROAD
THORNTON;EPPING
THREE ANCHOR BAY;SEA POINT
TIJGERHOF;BROOKLYN
TOKAI;LAKESIDE
TOWNSEND ESTATE;EPPING
TRANSNET MARSHALLING YARD;BELLVILLE
TRE DONNE;SIR LOWRYS PASS
TRIANGLE FARM;BELLVILLE
TURTLE CREEK;KUILSRIVER
TUSCANY GLEN;MFULENI
TWIN PALMS;STRAND
TYGERBERG HOSPITAL;BELLVILLE
TYGERDAL;GOODWOOD
TYGERVALLEY;BELLVILLE
TYGERVALLEY WATERFRONT;BELLVILLE
UITSIG;BELHAR
UITZICHT;DURBANVILLE
UMRHABULO TRIANGLE;KHAYELITSHA
UWC;BELHAR
VALHALLA PARK;EPPING
VALMARY PARK;DURBANVILLE
VAN DER STEL;SOMERSET WEST
VAN RIEBEECKSHOF;DURBANVILLE
VANGUARD ESTATE;EPPING
VASCO ESTATE;GOODWOOD
VERGESIG;DURBANVILLE
VICTORIA MXENGE;LANSDOWNE ROAD
VICTORIA PARK;SOMERSET WEST
VIERLANDEN;DURBANVILLE
VIKING VILLAGE;KRAAIFONTEIN
VOELVLEI;KUILSRIVER
VOGELVLEI;BELLVILLE
VOORBRUG;BELHAR
VREDEHOEK;ROELAND STREET
VREDEKLOOF;KRAAIFONTEIN
VREDEKLOOF EAST;KRAAIFONTEIN
VREDEKLOOF HEIGHTS;KRAAIFONTEIN
VREDELUST BELLVILLE;BELLVILLE
VREDELUST KUILS RIVER;KUILSRIVER
VREDENBERG - BELLVILLE;BRACKENFELL
VREDENBERG - SOMERSET WEST;MACASSAR
VREDENZICHT;SOMERSET WEST
VRYGROND;LAKESIDE
VYGEBOOM;DURBANVILLE
WAIROA;DURBANVILLE
WALLACEDENE;BRACKENFELL
WEDDERWILL ESTATE;SIR LOWRYS PASS
WELCOME ESTATE;EPPING
WELGEDACHT;GOODWOOD
WELGELEGEN;GOODWOOD
WELGEMOED;BELLVILLE
WELGEVONDEN;DURBANVILLE
WELLWAY PARK;DURBANVILLE
WELLWAY PARK EAST;DURBANVILLE
WELMOED CEMETERY;MFULENI
WELMOED ESTATE;MFULENI
WELTEVREDEN VALLEY;MITCHELLS PLAIN
WEMBLEY PARK;KUILSRIVER
WESBANK;BELHAR
WESFLEUR;ATLANTIS
WEST BEACH;MILNERTON
WEST RIDING;MILNERTON
WESTERDALE;DURBANVILLE
WESTGATE;MITCHELLS PLAIN
WESTLAKE;LAKESIDE
WESTRIDGE - MITCHELLS PLAIN;MITCHELLS PLAIN
WESTRIDGE - SOMERSET WEST;SOMERSET WEST
WETTON;OTTERY
WILDWOOD;MITCHELLS PLAIN
WIMBLEDON ESTATE;KUILSRIVER
WINDERMERE;EPPING
WINDSOR ESTATE;KRAAIFONTEIN
WINDSOR PARK ESTATE;KRAAIFONTEIN
WINGFIELD;EPPING
WINSLOW;STRAND
WITSAND;ATLANTIS
WOLFGAT NATURE RESERVE;KHAYELITSHA
WOODLANDS;MITCHELLS PLAIN
WOODSTOCK;SALT RIVER
WORLD'S VIEW - CALEDON FARMS;STRAND
WORLD'S VIEW - SOMERSET WEST;SOMERSET WEST
WP PARK;EPPING
WP SHOWGROUNDS;EPPING
WYNBERG;WYNBERG
WYNBERG NU;CONSTANTIA
WYNLAND INDUSTRIAL PARK;KRAAIFONTEIN
YSTERPLAAT;BROOKLYN
ZEEKOEVLEI;OTTERY
ZEVENDAL;KUILSRIVER
ZEVENWACHT COUNTRY ESTATE;KUILSRIVER
ZEVENWACHT FARM VILLAGE;KUILSRIVER
ZEVENWACHT MALL;KUILSRIVER
ZEVENWACHT RETIREMENT VILLAGE;KUILSRIVER
ZEVENZICHT;KUILSRIVER
ZOO PARK;KRAAIFONTEIN
